병원명,소재지,평가등급,종별,lat,lon
21세기본튼튼의원,"강원특별자치도 원주시 현충로 11, 2층 201, 202호 (태장동)",⭐ 1등급 우수병원,의원,37.3568685958634,127.955066855488
21세기소아청소년과의원,"강원특별자치도 원주시 봉화로 27, (단계동)",⭐ 1등급 우수병원,의원,37.3469533585729,127.928260594851
28지킴이치과의원,"강원특별자치도 원주시 봉화로 16, (단계동)",일반병원,치과의원,37.345982766221,127.928816302539
Dr. 구의원,"강원특별자치도 원주시 서원대로 392, 3층 (단구동, 스타프라자)",일반병원,의원,37.3310190155411,127.948401297225
e-플란트미래치과의원,"강원특별자치도 원주시 서원대로 383, 4층 (개운동, 한신플라자)",일반병원,치과의원,37.3319941887022,127.948567122909
강남영내과의원,"강원특별자치도 원주시 행구로 39, 2층 (개운동)",⭐ 1등급 우수병원,의원,37.3415595276608,127.960172926457
강남제이스타의원,"강원특별자치도 원주시 능라동길 51, 시네시티타워 501, 502호 (무실동)",⭐ 1등급 우수병원,의원,37.3348395414332,127.930150473737
강남한방병원,"강원특별자치도 원주시 양지로 80-0,  6층 (반곡동)",일반병원,한방병원,37.327963454832,127.986200878625
강남한의원,"강원특별자치도 원주시 남원로 441-2, 1층 (명륜동)",일반병원,한의원,37.325609231784,127.940761363277
강남후생치과의원,"강원특별자치도 원주시 북원로 2706, 2층 (태장동)",일반병원,치과의원,37.3850827811024,127.947916389722
강봉선신경정신과의원,"강원특별자치도 원주시 서원대로 383, 3층 401호 (개운동, 한신프라자)",일반병원,의원,37.3319941887022,127.948567122909
강원의료복지사회적협동조합밝음의원,"강원특별자치도 원주시 중앙로 85, 4층 (중앙동)",⭐ 1등급 우수병원,의원,37.3486322038547,127.951302972282
강원특별자치도원주의료원,"강원특별자치도 원주시 서원대로 387,  (개운동)",⭐ 1등급 우수병원,종합병원,37.332804805044,127.949040501087
강윤철피부과의원,"강원특별자치도 원주시 원일로 120, 7층 (중앙동)",일반병원,의원,37.3503178255469,127.948470788427
강훈소아청소년과의원,"강원특별자치도 원주시 입춘로 110, (반곡동, 파라다이스프라자 301,302호)",⭐ 1등급 우수병원,의원,37.3233830428989,127.981662850501
거북이한의원,"강원특별자치도 원주시 소초면 장막1길 15, (소초면)",일반병원,한의원,37.407984938957,127.955905729531
건강한치과의원,"강원특별자치도 원주시 건강로 21, 2층 (반곡동, 조은빌딩)",일반병원,치과의원,37.3255709856775,127.987783995302
경희 해맑은한의원,"강원특별자치도 원주시 시청로 98, 2층 (무실동)",일반병원,한의원,37.3359528201159,127.928750890632
경희나무한의원,"강원특별자치도 원주시 백간길 25, 2층 (단계동)",일반병원,한의원,37.3520835008391,127.926301363813
경희다인한의원,"강원특별자치도 원주시 지정면 신지정로 322, 301,302호",일반병원,한의원,37.3422,127.9201
경희미려한의원,"강원특별자치도 원주시 서원대로 406, 4층 (단구동, 리더스타워)",일반병원,한의원,37.3301957031794,127.94969041566
경희한의원,"강원특별자치도 원주시 향교길 56, (명륜동)",일반병원,한의원,37.3392626626907,127.951233861113
경희해문한의원,"강원특별자치도 원주시 능라동길 70, 409호 (무실동)",일반병원,한의원,37.3337998324689,127.930202082473
경희후한의원,"강원특별자치도 원주시 능라동길 31, 2~3층 (무실동)",일반병원,한의원,37.3422,127.9201
계수나무한의원,"강원특별자치도 원주시 치악로 1482, (단구동)",일반병원,한의원,37.3174965164851,127.969020577765
고려가정의원,"강원특별자치도 원주시 예술관길 25, (명륜동, 명륜2차아파트)",⭐ 1등급 우수병원,의원,37.3326518751814,127.942122744765
고려외과의원,"강원특별자치도 원주시 원문로 107-8, (단계동)",⭐ 1등급 우수병원,의원,37.3560053782681,127.935241400959
고려제일의원,"강원특별자치도 원주시 부론면 법천시장길 52, 2층",⭐ 1등급 우수병원,의원,37.2080329444049,127.749465304172
고려한의원,"강원특별자치도 원주시 남원로 656, (명륜동)",일반병원,한의원,37.3411170151608,127.95394040889
고산보건진료소,"강원특별자치도 원주시 호저면 광학로 16, 16",일반병원,보건진료소,37.3422,127.9201
고석만정신건강의학과의원,"강원특별자치도 원주시 능라동길 59, (무실동, 정한프라자 509호)",일반병원,의원,37.3344235275605,127.930817739225
고승연신경외과의원,"강원특별자치도 원주시 남원로 548, (개운동)",⭐ 1등급 우수병원,의원,37.3330649319424,127.947690659161
고운치과교정과치과의원,"강원특별자치도 원주시 서원대로 408, 501,502호 (단구동, 광장빌딩)",일반병원,치과의원,37.3422,127.9201
고은미래의원,"강원특별자치도 원주시 시청로 98, 3층 (무실동)",⭐ 1등급 우수병원,의원,37.3359528201159,127.928750890632
고은아이치과의원,"강원특별자치도 원주시 서원대로 408, 203호 (단구동, 광장빌딩)",일반병원,치과의원,37.3299803953294,127.950079338744
고은의원,"강원특별자치도 원주시 봉화로 29, (단계동)",⭐ 1등급 우수병원,의원,37.3471339761061,127.928310669506
곽엄섭내과의원,"강원특별자치도 원주시 현충로 320-1, 1,2층 (태장동)",⭐ 1등급 우수병원,의원,37.3817266770432,127.947613097979
광동한의원,"강원특별자치도 원주시 치악로 1793, (개운동)",일반병원,한의원,37.3422200889387,127.955059148758
광인당한의원,"강원특별자치도 원주시 남원로 623, 2층 (명륜동)",일반병원,한의원,37.3389476588984,127.95160543136
굿모닝치과의원,"강원특별자치도 원주시 입춘로 110, 3층 307호 (반곡동)",일반병원,치과의원,37.3233830428989,127.981662850501
권한의원,"강원특별자치도 원주시 치악로 1521, 2층 (관설동, 고려빌딩)",일반병원,한의원,37.3199864680915,127.965356275225
권혁준내과의원,"강원특별자치도 원주시 서원대로 156, (단계동)",⭐ 1등급 우수병원,의원,37.3440991612116,127.928916785448
귀래면보건지소,"강원특별자치도 원주시 귀래면 북원로 106, (귀래면)",일반병원,보건지소,37.1699172707465,127.885057708668
그랜드치과병원,"강원특별자치도 원주시 서원대로 188, (단계동)",일반병원,치과병원,37.3437402541479,127.932163259963
기린소아청소년과의원,"강원특별자치도 원주시 지정면 신지정로 266, 204호",⭐ 1등급 우수병원,의원,37.3785374579876,127.870584943717
기린한의원,"강원특별자치도 원주시 장미공원길 67-16, 단계메디컬센터 4층 (단계동)",일반병원,한의원,37.345882330517,127.93118534022
기운내한의원,"강원특별자치도 원주시 남원로534번길 54, 202호 (단구동)",일반병원,한의원,37.3282831008185,127.95191668683
김남두비뇨기과의원,"강원특별자치도 원주시 원일로 114, (중앙동)",일반병원,의원,37.3499877878517,127.94871831418
김대균의원,"강원특별자치도 원주시 단구로 404, 2층 (단구동)",⭐ 1등급 우수병원,의원,37.320894593004,127.955007617271
김동우외과의원,"강원특별자치도 원주시 문막읍 왕건로 81, (동화빌딩)",⭐ 1등급 우수병원,의원,37.3267305773774,127.829096395235
김영석이비인후과의원,"강원특별자치도 원주시 서원대로 410, 2층 (단구동)",⭐ 1등급 우수병원,의원,37.3297899345877,127.950403356989
김이비인후과의원,"강원특별자치도 원주시 원일로 127, (일산동)",⭐ 1등급 우수병원,의원,37.3505918632442,127.947824495382
김정권내과의원,"강원특별자치도 원주시 중평길 12, 2층 (중앙동, 동남타워)",⭐ 1등급 우수병원,의원,37.3493527126135,127.950442145737
김진수프롤로의원,"강원특별자치도 원주시 북원로 2247, 덕안빌딩  3층 (단계동)",⭐ 1등급 우수병원,의원,37.3464337313806,127.933358738809
김창동이비인후과의원,"강원특별자치도 원주시 천사로 216, (중앙동)",⭐ 1등급 우수병원,의원,37.3513713460178,127.947933050291
김희성한의원,"강원특별자치도 원주시 능라동길 3, 304호 (무실동)",일반병원,한의원,37.3315842149544,127.926178565285
꿈에의원,"강원특별자치도 원주시 단구로 398, 청솔3차아파트 상가동 1층 103호 (단구동)",⭐ 1등급 우수병원,의원,37.321447947226,127.955302755257
나다운 정신건강의학과의원,"강원특별자치도 원주시 평원로 62, (평원동)",일반병원,의원,37.3512146167112,127.950902282614
남부밝은안과의원,"강원특별자치도 원주시 남원로 667-1, (명륜동)",일반병원,의원,37.3422404919271,127.954216767809
남부한의원,"강원특별자치도 원주시 남원로 667-1, 1층 (명륜동)",일반병원,한의원,37.3422404919271,127.954216767809
남송한의원,"강원특별자치도 원주시 판부면 남원로 401, 2층",일반병원,한의원,37.3218781263121,127.939453768001
내몸사랑한의원,"강원특별자치도 원주시 로아노크로 74, 세이브타워 401호 (무실동)",일반병원,한의원,37.3389516353759,127.923454144867
내안에병원,"강원특별자치도 원주시 남원로 562-5, (개운동)",일반병원,정신병원,37.333948364091,127.94864585762
누가이비인후과의원,"강원특별자치도 원주시 서원대로 396, 310호 (단구동, 스타월드프라자)",⭐ 1등급 우수병원,의원,37.3307257685245,127.948903433255
뉴코웰이비인후과의원,"강원특별자치도 원주시 단구로 351, 3층 (단구동)",⭐ 1등급 우수병원,의원,37.324572654885,127.958572857839
늘푸른의원,"강원특별자치도 원주시 치악로 1648, 2층 (단구동)",⭐ 1등급 우수병원,의원,37.3300810985598,127.959372290904
늘푸른치과의원,"강원특별자치도 원주시 흥양로51번길 1, 2층 (태장동, 원마트)",일반병원,치과의원,37.3839877080173,127.952570458631
다다함한방내과한의원,"강원특별자치도 원주시 시청로 36, 1층 (무실동)",일반병원,한의원,37.3392010640529,127.923634702847
다담웃음치과의원,"강원특별자치도 원주시 지정면 신지정로 316-1, 304,305호",일반병원,치과의원,37.3422,127.9201
다람쥐키즈치과의원,"강원특별자치도 원주시 지정면 신지정로 322, 501~504호",일반병원,치과의원,37.3422,127.9201
다온재활의학과의원,"강원특별자치도 원주시 능라동길 61, 3,5층 308,309,,506,507,508호 (무실동)",⭐ 1등급 우수병원,의원,37.3422,127.9201
다정한의원,"강원특별자치도 원주시 중앙로 40, (중앙동)",일반병원,한의원,37.3471399039768,127.953348501324
닥터리치과의원,"강원특별자치도 원주시 행구로 148, 3층 (행구동)",일반병원,치과의원,37.3417148743283,127.972513317756
닥터스킨피부과의원,"강원특별자치도 원주시 서원대로 406, 3층 (단구동, 리더스타워)",⭐ 1등급 우수병원,의원,37.3301957031794,127.94969041566
닥터유부부치과의원,"강원특별자치도 원주시 오리현길 57, 5층 (반곡동)",일반병원,치과의원,37.338671270418,127.972233149961
닥터후치과의원,"강원특별자치도 원주시 시청로 98, 3층 (무실동, 새봄빌딩)",일반병원,치과의원,37.3359528201159,127.928750890632
단강보건진료소,"강원특별자치도 원주시 부론면 부귀로 753, (부론면)",일반병원,보건진료소,37.1533121951426,127.78655694372
단계뿌리깊은치과의원,"강원특별자치도 원주시 서원대로 165, (단계동)",일반병원,치과의원,37.3444745902274,127.929939561257
단구햇살의원,"강원특별자치도 원주시 치악로 1626, 3층 (단구동)",일반병원,의원,37.3280064376342,127.960485463395
당유위한의원,"강원특별자치도 원주시 서원대로 392, 4층 (단구동, 스타프라자)",일반병원,한의원,37.3310190155411,127.948401297225
당청운한의원,"강원특별자치도 원주시 시청로 3, 207-208호 (무실동)",일반병원,한의원,37.3422,127.9201
대세한의원,"강원특별자치도 원주시 지정면 신지정로 322, 209호",일반병원,한의원,37.3824972408881,127.872383190291
대흥한의원,"강원특별자치도 원주시 원문로 186, (단계동)",일반병원,한의원,37.3564611369436,127.929258290394
더사랑소아청소년과의원,"강원특별자치도 원주시 오리현길 16-9, 1층 (반곡동)",⭐ 1등급 우수병원,의원,37.3386678902739,127.967788560565
더편한정형외과의원,"강원특별자치도 원주시 원일로115번길 12, (일산동, 서진빌딩 4층)",⭐ 1등급 우수병원,의원,37.3496295550596,127.947413889577
도담내과의원,"강원특별자치도 원주시 모란1길 70, 203층 (우산동, 수정프라자)",⭐ 1등급 우수병원,의원,37.3617472858081,127.933274197785
도움의원,"강원특별자치도 원주시 북원로 2634, (태장동)",일반병원,의원,37.3787955762845,127.946408569217
도홍림이비인후과의원,"강원특별자치도 원주시 원일로115번길 12, 6층 (일산동)",⭐ 1등급 우수병원,의원,37.3496295550596,127.947413889577
동강한의원,"강원특별자치도 원주시 한지공원길 2, (명륜동)",일반병원,한의원,37.3288320888942,127.944721435766
동아한의원,"강원특별자치도 원주시 치악로 1592, (단구동)",일반병원,한의원,37.3250462321952,127.961458447055
동의보감한의원,"강원특별자치도 원주시 원일로 82-3, (중앙동)",일반병원,한의원,37.3487254258059,127.950959479668
드림365소아청소년과의원,"강원특별자치도 원주시 지정면 신지정로 322, 탑프라자 402,403호",⭐ 1등급 우수병원,의원,37.3824972408881,127.872383190291
드림연세안과의원,"강원특별자치도 원주시 원일로 120, 2층 (중앙동)",⭐ 1등급 우수병원,의원,37.3503178255469,127.948470788427
디지털월드치과의원,"강원특별자치도 원주시 판부면 내남송길 103, 2층",일반병원,치과의원,37.3101598039467,127.944533530756
로스윌서울이싫어내려온치과의원,"강원특별자치도 원주시 서원대로 410, (단구동, 한솔프라자)",일반병원,치과의원,37.3297899345877,127.950403356989
리더스치과의원,"강원특별자치도 원주시 봉화로 65, (단계동)",일반병원,치과의원,37.3504090495559,127.928179673945
리블룸의원,"강원특별자치도 원주시 능라동길 73, 3층 (무실동)",⭐ 1등급 우수병원,의원,37.3331037842077,127.930262667133
마디세움 정형외과의원,"강원특별자치도 원주시 지정면 신지정로 322-1, 센텀뷰 5층",⭐ 1등급 우수병원,의원,37.3823882387596,127.873210794528
마디튼튼마취통증의학과의원,"강원특별자치도 원주시 능라동길 65, 휴먼타워 201~205호 (무실동)",⭐ 1등급 우수병원,의원,37.3335178750971,127.930733446289
마리치과의원,"강원특별자치도 원주시 중평길 2, 2층 (중앙동)",일반병원,치과의원,37.3491101400223,127.949839468992
마음편한정신건강의학과의원,"강원특별자치도 원주시 서원대로 406, 503호 (단구동)",일반병원,의원,37.3301957031794,127.94969041566
만나한의원,"강원특별자치도 원주시 무실로 177, 2층 (명륜동)",일반병원,한의원,37.3408474854753,127.939829954477
만종의원,"강원특별자치도 원주시 호저면 사제로 596, (원주운전면허시험장)",일반병원,의원,37.3379250720104,127.897993591457
맑은숲 한의원,"강원특별자치도 원주시 시청로 72, 205호 (무실동, 애드피아 3차)",일반병원,한의원,37.3372999866079,127.926741301065
매일진료365의원,"강원특별자치도 원주시 능라동길 65, 휴먼타워 1, 3층 (무실동)",일반병원,의원,37.3335178750971,127.930733446289
맥한의원,"강원특별자치도 원주시 입춘로 110, (반곡동)",일반병원,한의원,37.3233830428989,127.981662850501
명륜한의원,"강원특별자치도 원주시 예술관길 25, 상가동 109,111,112,201호 (명륜동, 명륜2단지아파트)",일반병원,한의원,37.3326518751814,127.942122744765
명성메디칼의원,"강원특별자치도 원주시 현충로 11, 2,3층 (태장동)",⭐ 1등급 우수병원,의원,37.3422,127.9201
명성한의원,"강원특별자치도 원주시 원문로 106, (단계동)",일반병원,한의원,37.3570221117916,127.935554140567
모두올한의원,"강원특별자치도 원주시 혁신로 35, 205호 (반곡동)",일반병원,한의원,37.3243231665799,127.978146252596
모아한의원,"강원특별자치도 원주시 원일로 63, (원동)",일반병원,한의원,37.3475387817746,127.951445256163
몸편안한의원,"강원특별자치도 원주시 치악로 1786, (개운동)",일반병원,한의원,37.3418353072137,127.955813515776
무실한의원,"강원특별자치도 원주시 능라동길 59, 111~113, 206~207호 (무실동)",일반병원,한의원,37.3422,127.9201
문막동화한의원,"강원특별자치도 원주시 문막읍 왕건로 81, 동화빌딩 302호",일반병원,한의원,37.3267305773774,127.829096395235
문막애치과의원,"강원특별자치도 원주시 문막읍 왕건로 81, 동화빌딩 201호",일반병원,치과의원,37.3267305773774,127.829096395235
문막요양병원,"강원특별자치도 원주시 문막읍 문막시장1길 16-0,",일반병원,요양병원,37.3078557797654,127.816972763359
문막읍보건지소,"강원특별자치도 원주시 문막읍 건등로 11, (문막읍)",일반병원,보건지소,37.3127714897182,127.817002268877
문막한의원,"강원특별자치도 원주시 문막읍 문막시장1길 9, 9",일반병원,한의원,37.3422,127.9201
미드림의원,"강원특별자치도 원주시 서원대로 165, 3층 (단계동, 대호빌딩)",⭐ 1등급 우수병원,의원,37.3444745902274,127.929939561257
미래산부인과의원,"강원특별자치도 원주시 단구로 183, (명륜동)",⭐ 1등급 우수병원,의원,37.3360801706337,127.948752671981
미소마취통증의학과의원,"강원특별자치도 원주시 모란1길 69, 201호 (우산동)",⭐ 1등급 우수병원,의원,37.3615768576997,127.932972171315
미소치과의원,"강원특별자치도 원주시 시청로 84, 3층 (무실동)",일반병원,치과의원,37.3363821562604,127.928072254541
미올한의원원주점,"강원특별자치도 원주시 능라동길 63, 305,505호 (무실동)",일반병원,한의원,37.3422,127.9201
미즈산부인과의원,"강원특별자치도 원주시 이화6길 1, (단계동)",⭐ 1등급 우수병원,의원,37.3435336393856,127.932256741648
민영의원,"강원특별자치도 원주시 북원로 2695, (가현동)",⭐ 1등급 우수병원,의원,37.384229164661,127.947210221609
민제한의원,"강원특별자치도 원주시 서원대로 402, (단구동)",일반병원,한의원,37.3304700659504,127.949352556031
바른길치과의원,"강원특별자치도 원주시 북원로 2489, (우산동)",일반병원,치과의원,37.3666897479817,127.940229204304
바른몸한방병원,"강원특별자치도 원주시 시청로 528-0,  3~5층 (관설동)",일반병원,한방병원,37.3151852821503,127.966033197054
바른요양병원,"강원특별자치도 원주시 판부면 치악로 1139, (판부면)",일반병원,요양병원,37.2931477649378,127.990881835423
바른한의원,"강원특별자치도 원주시 천사로 210, 1~4층 (일산동)",일반병원,한의원,37.3422,127.9201
박규래정형외과의원,"강원특별자치도 원주시 무실로 26, (일산동)",⭐ 1등급 우수병원,의원,37.3478085459602,127.948752285272
박동훈내과의원,"강원특별자치도 원주시 봉화로 22, 6층 (단계동, 더파크타워)",⭐ 1등급 우수병원,의원,37.3462449926799,127.928765814001
박현민성형외과의원,"강원특별자치도 원주시 서원대로 156, 5층 (단계동)",일반병원,의원,37.3440991612116,127.928916785448
백두한의원,"강원특별자치도 원주시 원일로 151, 2층 (일산동)",일반병원,한의원,37.3521032050996,127.946641729773
백록담한의원,"강원특별자치도 원주시 개봉교길 9, (개운동)",일반병원,한의원,37.343432278215,127.955975272052
백세한의원,"강원특별자치도 원주시 현충로58번길 28, 2층 (태장동)",일반병원,한의원,37.3613055070531,127.957400378552
백태준성형외과의원,"강원특별자치도 원주시 감영길 11, (일산동)",일반병원,의원,37.3474401846047,127.950081159665
백피부과의원,"강원특별자치도 원주시 원일로115번길 1, (일산동)",일반병원,의원,37.3497931974077,127.948344443756
밴스의원,"강원특별자치도 원주시 서원대로 416, 2층 (단구동)",일반병원,의원,37.329512016004,127.950645147116
베스트치과의원,"강원특별자치도 원주시 단구로 398, 가온프라자 2층 201호 (단구동)",일반병원,치과의원,37.321447947226,127.955302755257
보리한의원,"강원특별자치도 원주시 단구로 351, 2층 (단구동)",일반병원,한의원,37.324572654885,127.958572857839
본베스트병원,"강원특별자치도 원주시 능라동길 51-0,  6~7층 (무실동)",⭐ 1등급 우수병원,병원,37.3422,127.9201
본치과의원,"강원특별자치도 원주시 일산로 61, 4층 (원동)",일반병원,치과의원,37.3465844585309,127.950076132201
부론면보건지소,"강원특별자치도 원주시 부론면 법천시장길 59, (부론면)",일반병원,보건지소,37.2078310011559,127.750180546646
부론한의원,"강원특별자치도 원주시 부론면 법천시장길 55-2, (부론면)",일반병원,한의원,37.2079756885059,127.750254525398
부부소아청소년과의원,"강원특별자치도 원주시 문막읍 왕건로 48, (문막읍)",⭐ 1등급 우수병원,의원,37.3238569562122,127.829243193209
부부치과의원,"강원특별자치도 원주시 중앙로 105, 5,6층 (중앙동)",일반병원,치과의원,37.3422,127.9201
북원치과의원,"강원특별자치도 원주시 북원로 2698-1, (태장동)",일반병원,치과의원,37.3844055355376,127.947789080375
블리비의원,"강원특별자치도 원주시 서원대로 396, 스타월드 4층 409호, 410호, 411호, 415호 (단구동)",⭐ 1등급 우수병원,의원,37.3307257685245,127.948903433255
비두보건진료소,"강원특별자치도 원주시 문막읍 귀문로 956, 956",일반병원,보건진료소,37.3422,127.9201
사랑손한의원,"강원특별자치도 원주시 무실본동길 54, 1층 (무실동)",일반병원,한의원,37.3372934034528,127.932806550614
사상참경희한의원,"강원특별자치도 원주시 영랑길 2, 401호 (행구동)",일반병원,한의원,37.3414201707844,127.971272600517
사제보건진료소,"강원특별자치도 원주시 흥업면 사제로 424, 424",일반병원,보건진료소,37.3422,127.9201
산현보건진료소,"강원특별자치도 원주시 호저면 칠봉로 380, (호저면)",일반병원,보건진료소,37.4280757398849,127.893305001802
삼대한의원,"강원특별자치도 원주시 원문로 168, 1층 (단계동)",일반병원,한의원,37.3562824058856,127.93127114926
삼성서울 치과교정과 치과의원,"강원특별자치도 원주시 능라동길 51, 3층 317, 318호 (무실동)",일반병원,치과의원,37.3348395414332,127.930150473737
삼성서울리프앤톡스의원,"강원특별자치도 원주시 혁신로 35, 3층 301~302호 (반곡동)",일반병원,의원,37.3243231665799,127.978146252596
삼성서울치과의원,"강원특별자치도 원주시 능라동길 51, 3층 301호 (무실동)",일반병원,치과의원,37.3348395414332,127.930150473737
상아치과의원,"강원특별자치도 원주시 서원대로 402, 3층 (단구동, 대신프라자)",일반병원,치과의원,37.3304700659504,127.949352556031
상지대학교부속 한방병원,"강원특별자치도 원주시 상지대길 80-0,  (우산동)",일반병원,한방병원,37.3704896908214,127.934248932282
상지명인한의원,"강원특별자치도 원주시 무실로 64, (일산동)",일반병원,한의원,37.346151724555,127.946511478705
새마음병원,"강원특별자치도 원주시 문막읍 귀문로 1217,",일반병원,정신병원,37.265111910769,127.825936703671
생명수한의원,"강원특별자치도 원주시 원일로 135, 2층 (일산동)",일반병원,한의원,37.3509963585309,127.947527337679
샤인치과의원,"강원특별자치도 원주시 봉화로 27, (단계동)",일반병원,치과의원,37.3469533585729,127.928260594851
서상원한의원,"강원특별자치도 원주시 서원대로 408, 광장빌딩 202호 (단구동)",일반병원,한의원,37.3299803953294,127.950079338744
서울내과의원,"강원특별자치도 원주시 장미공원길 43-2, (단계동)",⭐ 1등급 우수병원,의원,37.3470962354382,127.930350640126
서울니어치과의원,"강원특별자치도 원주시 지정면 신지정로 190, 3층 301~305호",일반병원,치과의원,37.3743119903303,127.875864511013
서울더바른치과의원,"강원특별자치도 원주시 문막읍 왕건로 22, 3층 301호",일반병원,치과의원,37.3220485882732,127.831137300732
서울매일치과병원,"강원특별자치도 원주시 만대공원길 59-0,  4~6층 (무실동)",일반병원,치과병원,37.3394396435042,127.924696444815
서울명문치과의원,"강원특별자치도 원주시 시청로 528, 202,203호 (관설동)",일반병원,치과의원,37.3422,127.9201
서울성모정신건강의학과의원,"강원특별자치도 원주시 만대공원길 59, 3층 303호 (무실동)",일반병원,의원,37.3394396435042,127.924696444815
서울수려한치과의원,"강원특별자치도 원주시 능라동길 61, 207호 (무실동)",일반병원,치과의원,37.3341493273774,127.931233204873
서울수치과의원,"강원특별자치도 원주시 혁신로 53, 5층 504호 (반곡동)",일반병원,치과의원,37.323498978735,127.979991799634
서울에이스치과의원,"강원특별자치도 원주시 태장둔치길 55, 2층 (태장동)",일반병원,치과의원,37.3839794202012,127.953565212627
서울열린치과의원,"강원특별자치도 원주시 시청로 96, 영신프라자 3층 303호 (무실동)",일반병원,치과의원,37.336183500076,127.928483818728
서울외과의원,"강원특별자치도 원주시 원일로 169, (학성동)",⭐ 1등급 우수병원,의원,37.3531251463593,127.945905705412
서울윤치과의원,"강원특별자치도 원주시 단구로 360, 2층 (단구동)",일반병원,치과의원,37.3239980324911,127.957578260618
서울이내과의원,"강원특별자치도 원주시 서원대로 410, 401~403호 (단구동, 한솔프라자)",⭐ 1등급 우수병원,의원,37.3422,127.9201
서울인성치과의원,"강원특별자치도 원주시 흥업면 남원로 57, 3, 4층",일반병원,치과의원,37.3422,127.9201
서울탑마취통증의학과의원,"강원특별자치도 원주시 중앙시장길 32, 1,2층 일부호 (중앙동)",일반병원,의원,37.3505774216068,127.950331859003
서울토론토치과의원,"강원특별자치도 원주시 혁신로 262, 2층, 3층 (반곡동)",일반병원,치과의원,37.3315459873882,127.991107729734
서울튼튼신경외과의원,"강원특별자치도 원주시 중앙시장길 11, 2층 (중앙동, 자유시장 1블럭 1호)",⭐ 1등급 우수병원,의원,37.3502279348979,127.948624502039
서울플란트치과의원,"강원특별자치도 원주시 지정면 신지정로 266, 401호",일반병원,치과의원,37.3785374579876,127.870584943717
서울황내과의원,"강원특별자치도 원주시 능라동길 59, 603,604호 (무실동)",⭐ 1등급 우수병원,의원,37.3422,127.9201
서이비인후과의원,"강원특별자치도 원주시 남원로 671, 3층 (명륜동)",⭐ 1등급 우수병원,의원,37.3424313657953,127.954446009061
선율당한의원,"강원특별자치도 원주시 치악로 1507, (관설동)",일반병원,한의원,37.3191772313955,127.966333609519
세명치과의원,"강원특별자치도 원주시 행구로 67, 2층 (봉산동)",일반병원,치과의원,37.3418920049226,127.96466805307
세브란스치과의원,"강원특별자치도 원주시 원일로115번길 13, (일산동)",일반병원,치과의원,37.3493004642127,127.947509747085
세진한의원,"강원특별자치도 원주시 남원로 592, (명륜동)",일반병원,한의원,37.3362592906405,127.95030161663
세한치과의원,"강원특별자치도 원주시 문막읍 문막시장1길 27, 3층",일반병원,치과의원,37.3070005765194,127.816980542546
센텀플란트치과의원,"강원특별자치도 원주시 능라동길 70, 2층 203~206호 (무실동)",일반병원,치과의원,37.3337998324689,127.930202082473
센트럴병원,"강원특별자치도 원주시 백간길 95, (단계동)",⭐ 1등급 우수병원,병원,37.3522276721417,127.934136434301
셀레스의원,"강원특별자치도 원주시 봉화로 16, 3층 (단계동)",일반병원,의원,37.345982766221,127.928816302539
소나무한의원,"강원특별자치도 원주시 평원로 58, 2층 (평원동)",일반병원,한의원,37.3511525587089,127.951325521679
소망의원,"강원특별자치도 원주시 중앙로 136, 2층 (중앙동)",⭐ 1등급 우수병원,의원,37.3510094870323,127.949631582035
소초면보건지소,"강원특별자치도 원주시 소초면 치악로 2790, (소초면)",일반병원,보건지소,37.4178781982841,128.002770146827
소초함께의원,"강원특별자치도 원주시 소초면 송황유사길 3, 1층",⭐ 1등급 우수병원,의원,37.3816187698726,127.974186979081
속시원한내과의원,"강원특별자치도 원주시 로아노크로 74, 501호, 502호 (무실동)",⭐ 1등급 우수병원,의원,37.3389516353759,127.923454144867
손경수내과의원,"강원특별자치도 원주시 남원로 665, 1층일부,2,3,4층 (명륜동)",⭐ 1등급 우수병원,의원,37.3420658602763,127.954073836369
손안과의원,"강원특별자치도 원주시 서원대로 170, 재영빌딩 6층 (단계동)",⭐ 1등급 우수병원,의원,37.3439198006648,127.930277592416
송광선내과의원,"강원특별자치도 원주시 문막읍 문막시장1길 14, (문막읍)",⭐ 1등급 우수병원,의원,37.308089255795,127.817204157734
송내과의원,"강원특별자치도 원주시 원일로115번길 5, 4층 (일산동, 홍제빌딩)",⭐ 1등급 우수병원,의원,37.3495693837124,127.948008015725
수연한의원,"강원특별자치도 원주시 모란1길 75, 201호 (우산동)",일반병원,한의원,37.3617350938683,127.932558175596
숲이비인후과의원,"강원특별자치도 원주시 서원대로 170, 재영빌딩 3, 4, 5층 (단계동)",⭐ 1등급 우수병원,의원,37.3439198006648,127.930277592416
숲한의원,"강원특별자치도 원주시 원문로137번길 46, 1층 (단계동)",일반병원,한의원,37.3530536219868,127.931496490689
스마일연세의원,"강원특별자치도 원주시 서원대로 502, 2층 (단구동, 골드프라자)",⭐ 1등급 우수병원,의원,37.3249569848727,127.95832152018
스마일치과의원,"강원특별자치도 원주시 문막읍 문막시장1길 10, (문막읍)",일반병원,치과의원,37.3082711155017,127.81730335858
스카이치과의원,"강원특별자치도 원주시 원일로 57, 4층 (원동, 마노벨라빌딩)",일반병원,치과의원,37.3472553596945,127.951710163928
스토리치과의원,"강원특별자치도 원주시 능라동길 61, (무실동)",일반병원,치과의원,37.3341493273774,127.931233204873
승산한의원,"강원특별자치도 원주시 예술관길 4, 2층 (명륜동)",일반병원,한의원,37.3345060737204,127.943656113083
신림면보건지소,"강원특별자치도 원주시 신림면 치악로 32, (신림면)",일반병원,보건지소,37.3422,127.9201
신림연세의원,"강원특별자치도 원주시 신림면 치악로 9, 2층",⭐ 1등급 우수병원,의원,37.2295574152667,128.081460853303
신샘내과의원,"강원특별자치도 원주시 원일로115번길 12, 3층 (일산동, 서진빌딩)",⭐ 1등급 우수병원,의원,37.3496295550596,127.947413889577
신선한의원,"강원특별자치도 원주시 소초면 간촌길 130, 1층",일반병원,한의원,37.4333927492729,127.989738105689
신원주한방병원,"강원특별자치도 원주시 지정면 신지정로 190-0,  5~6층",일반병원,한방병원,37.3743119903303,127.875864511013
신월랑한의원,"강원특별자치도 원주시 고문골길 21, 1층 (행구동)",일반병원,한의원,37.3421160477519,128.003691612521
신준현신경과의원,"강원특별자치도 원주시 능라동길 35, 베르뉴시티 3층 301호,302호 (무실동)",⭐ 1등급 우수병원,의원,37.333762881257,127.928528833432
신중한의원,"강원특별자치도 원주시 문막읍 동화택지길 3-25, 1층",일반병원,한의원,37.324475858946,127.829590155434
신호드림치과의원,"강원특별자치도 원주시 치악로 1965, (태장동)",일반병원,치과의원,37.3564737237383,127.956200143228
신희경산부인과의원,"강원특별자치도 원주시 서원대로 158, 2층 (단계동)",⭐ 1등급 우수병원,의원,37.3440570654256,127.929194558387
아나파마취통증의학과의원,"강원특별자치도 원주시 봉화로 22, 302호 (단계동, 더파크타워)",⭐ 1등급 우수병원,의원,37.3462449926799,127.928765814001
아름다운산부인과의원,"강원특별자치도 원주시 봉화로 10, 2층 (단계동)",⭐ 1등급 우수병원,의원,37.3453850914401,127.928615170885
아이온가족치과의원,"강원특별자치도 원주시 반곡초교로 78-6, 201, 202, 203호 (반곡동)",일반병원,치과의원,37.3422,127.9201
아이조아치과의원,"강원특별자치도 원주시 입춘로 110, 207, 208호 (반곡동)",일반병원,치과의원,37.3422,127.9201
아이튼튼소아청소년과의원,"강원특별자치도 원주시 서원대로 406, 5층 504,505호 (단구동)",⭐ 1등급 우수병원,의원,37.3301957031794,127.94969041566
아이편한소아청소년과의원,"강원특별자치도 원주시 단구로 398, 청솔3차아파트 1층 104호 (단구동)",일반병원,의원,37.321447947226,127.955302755257
아침한의원,"강원특별자치도 원주시 남원로 528, 1층 (단구동, kt링커스건물)",일반병원,한의원,37.3311308856919,127.94714586928
안아픈세상의원,"강원특별자치도 원주시 판부면 남원로 380-1, (판부면)",일반병원,의원,37.3196687051222,127.940075965344
안흥한의원,"강원특별자치도 원주시 북원로 2684, (태장동)",일반병원,한의원,37.3829877694118,127.947436344664
암오케이 요양병원,"강원특별자치도 원주시 신림면 용소막길 20-1, (신림면)",일반병원,요양병원,37.2158848097204,128.088124293399
앨리스의원,"강원특별자치도 원주시 치악로 1786, 3층 (개운동, 양문 153빌딩)",⭐ 1등급 우수병원,의원,37.3418353072137,127.955813515776
양상묵한의원,"강원특별자치도 원주시 남원로 528-13, (단구동)",일반병원,한의원,37.330460582218,127.948119533765
어진한의원,"강원특별자치도 원주시 시청로 555, (관설동)",일반병원,한의원,37.3172292893295,127.967929649792
엄재동정형외과의원,"강원특별자치도 원주시 남원로534번길 10, 3층 (단구동)",⭐ 1등급 우수병원,의원,37.3309492348525,127.947653361899
에벤에셀치과의원,"강원특별자치도 원주시 시청로 555, 2층 (관설동, 청어람빌딩)",일반병원,치과의원,37.3172292893295,127.967929649792
에이플치과의원,"강원특별자치도 원주시 백간길 25, 2층 (단계동)",일반병원,치과의원,37.3520835008391,127.926301363813
엔치과의원,"강원특별자치도 원주시 남원로 669, 2층 (명륜동)",일반병원,치과의원,37.3423361178413,127.954291216581
여민한의원,"강원특별자치도 원주시 행구로 69, 1층 (봉산동)",일반병원,한의원,37.3419431663104,127.964857727796
연규홍소아청소년과의원,"강원특별자치도 원주시 남원로534번길 26, 3층 (단구동, 중앙빌딩)",⭐ 1등급 우수병원,의원,37.3301692352382,127.94904773884
연세 혁신내과의원,"강원특별자치도 원주시 혁신로 53, (반곡동)",⭐ 1등급 우수병원,의원,37.323498978735,127.979991799634
연세고운맘소아청소년과의원,"강원특별자치도 원주시 시청로 86, 203호 (무실동, 부영골든빌)",⭐ 1등급 우수병원,의원,37.3361806294138,127.92782762108
연세굿모닝내과의원,"강원특별자치도 원주시 행구로 148, 3층 (행구동)",⭐ 1등급 우수병원,의원,37.3417148743283,127.972513317756
연세그린내과의원,"강원특별자치도 원주시 원문로 106, 3층 (단계동, 선암빌딩)",⭐ 1등급 우수병원,의원,37.3570221117916,127.935554140567
연세나비이비인후과의원,"강원특별자치도 원주시 지정면 신지정로 316-2, 2층",⭐ 1등급 우수병원,의원,37.3820252634634,127.872925216815
연세남부내과의원,"강원특별자치도 원주시 남원로 667, 2층 (명륜동)",일반병원,의원,37.3421528894661,127.95415291564
연세남부정형외과의원,"강원특별자치도 원주시 치악로 1788, (개운동, 동원주새마을금고)",⭐ 1등급 우수병원,의원,37.3420917699368,127.955708319278
연세늘내과이비인후과의원,"강원특별자치도 원주시 능라동길 61, 205,506호 (무실동)",⭐ 1등급 우수병원,의원,37.3422,127.9201
연세대학교 원주세브란스기독병원,"강원특별자치도 원주시 일산로 20-0,  (일산동)",⭐ 1등급 우수병원,상급종합,37.3491165410267,127.946725775439
연세맑은내과의원,"강원특별자치도 원주시 남원로 528-31, 신세계프라자 303,304,305,306,307,308호 (단구동)",⭐ 1등급 우수병원,의원,37.3295123456948,127.949785165284
연세메디컬의원,"강원특별자치도 원주시 시청로 70, (무실동)",⭐ 1등급 우수병원,의원,37.3373692240219,127.926414009014
연세메디하임병원,"강원특별자치도 원주시 문막읍 원문로 1419-0, 연세메디하임병원",⭐ 1등급 우수병원,병원,37.3261723564579,127.84514858382
연세명인병원,"강원특별자치도 원주시 평원로 100-0,  (학성동)",⭐ 1등급 우수병원,병원,37.3534838119912,127.948821906344
연세문막치과의원,"강원특별자치도 원주시 문막읍 건등로 70, 2층 205호",일반병원,치과의원,37.3153412639371,127.823500710662
연세민내과의원,"강원특별자치도 원주시 중앙로 86, 4층 (중앙동, 세븐스타빌딩)",⭐ 1등급 우수병원,의원,37.3488939209264,127.951798563167
연세바른치과의원,"강원특별자치도 원주시 능라동길 27, 305~306호 (무실동)",일반병원,치과의원,37.3422,127.9201
연세본비뇨기과의원,"강원특별자치도 원주시 시청로 84, 3층 301호 (무실동, 애드피아)",⭐ 1등급 우수병원,의원,37.3363821562604,127.928072254541
연세본정형외과마취통증의학과의원,"강원특별자치도 원주시 영랑길 14-2, 401.402-2호 (행구동)",⭐ 1등급 우수병원,의원,37.3422,127.9201
연세봄산부인과의원,"강원특별자치도 원주시 시청로 98, (무실동)",⭐ 1등급 우수병원,의원,37.3359528201159,127.928750890632
연세봄이비인후과의원,"강원특별자치도 원주시 영랑길 2, 201, 301호 (행구동)",⭐ 1등급 우수병원,의원,37.3422,127.9201
연세봄재활의학과의원,"강원특별자치도 원주시 무실로 113, 원동프라자 2층, 3층 (원동)",⭐ 1등급 우수병원,의원,37.3440343814156,127.943714741464
연세부부치과의원,"강원특별자치도 원주시 모란1길 79, 2층 (우산동)",일반병원,치과의원,37.3617871234416,127.932324259179
연세사랑나눔치과의원,"강원특별자치도 원주시 모란1길 86, 2층 202~206호 (우산동)",일반병원,치과의원,37.3625701512976,127.932041928965
연세소울정신건강의학과의원,"강원특별자치도 원주시 능라동길 3, (무실동, 5층 501호)",일반병원,의원,37.3315842149544,127.926178565285
연세수비뇨기과의원,"강원특별자치도 원주시 서원대로 163, (단계동)",⭐ 1등급 우수병원,의원,37.3444993346426,127.929771829735
연세순풍산부인과의원,"강원특별자치도 원주시 장미공원길 43-6, (단계동)",⭐ 1등급 우수병원,의원,37.3465735319131,127.930217566867
연세스카이치과의원,"강원특별자치도 원주시 단구로 395, 2층 (단구동)",일반병원,치과의원,37.3216665568537,127.956080241427
연세시원한외과의원,"강원특별자치도 원주시 능라동길 27, SK타워 404~406호 (무실동)",⭐ 1등급 우수병원,의원,37.3333066753789,127.928050325149
연세아이편한치과의원,"강원특별자치도 원주시 능라동길 51, 617호 (무실동)",일반병원,치과의원,37.3348395414332,127.930150473737
연세안과의원,"강원특별자치도 원주시 원일로 119, 2층 (일산동)",일반병원,의원,37.3502114484241,127.947949953479
연세열린내과의원,"강원특별자치도 원주시 백간길 25, 2층 (단계동)",⭐ 1등급 우수병원,의원,37.3520835008391,127.926301363813
연세오케이정형외과의원,"강원특별자치도 원주시 서원대로 402, 대신프라자 5층 (단구동)",⭐ 1등급 우수병원,의원,37.3304700659504,127.949352556031
연세요양병원,"강원특별자치도 원주시 남원로 631, (명륜동)",일반병원,요양병원,37.3397626942155,127.951852689419
연세이명규내과의원,"강원특별자치도 원주시 치악로 1791, 3층 (개운동)",⭐ 1등급 우수병원,의원,37.3420627589902,127.955072277841
연세이비인후과의원,"강원특별자치도 원주시 봉화로 12, (단계동)",⭐ 1등급 우수병원,의원,37.3456049368642,127.928649364625
연세이안치과의원,"강원특별자치도 원주시 영랑길 2, 302호 (행구동)",일반병원,치과의원,37.3414201707844,127.971272600517
연세이튼치과의원,"강원특별자치도 원주시 양지로 80, 403호, 404호 (반곡동)",일반병원,치과의원,37.327963454832,127.986200878625
연세임유리내과의원,"강원특별자치도 원주시 지정면 신지정로 322-1, 6층",⭐ 1등급 우수병원,의원,37.3823882387596,127.873210794528
연세장상민재활의학과의원,"강원특별자치도 원주시 문막읍 문막시장1길 39, 2~3층",⭐ 1등급 우수병원,의원,37.3422,127.9201
연세준내과의원,"강원특별자치도 원주시 서원대로 162, (단계동)",⭐ 1등급 우수병원,의원,37.3438737236932,127.929353676212
연세준재활의학과의원,"강원특별자치도 원주시 지정면 신지정로 216, 6,7층",⭐ 1등급 우수병원,의원,37.3422,127.9201
연세지안비뇨의학과의원,"강원특별자치도 원주시 능라동길 70, 4층 405,406호 (무실동)",⭐ 1등급 우수병원,의원,37.3337998324689,127.930202082473
연세참외과의원,"강원특별자치도 원주시 서원대로 392, 3층 (단구동)",⭐ 1등급 우수병원,의원,37.3310190155411,127.948401297225
연세치과의원,"강원특별자치도 원주시 무실로 182, 원주원예농협하나로클럽 2층 (단계동)",일반병원,치과의원,37.3414543848242,127.939264366042
연세키즈 소아청소년과의원,"강원특별자치도 원주시 서원대로 402, 3층 (단구동, 대신프라자)",⭐ 1등급 우수병원,의원,37.3304700659504,127.949352556031
연세탑이비인후과의원,"강원특별자치도 원주시 혁신로 55, 207호 (반곡동)",⭐ 1등급 우수병원,의원,37.3234429803298,127.980432424606
연세탑치과의원,"강원특별자치도 원주시 지정면 신지정로 322, 4층 401,411호",일반병원,치과의원,37.3824972408881,127.872383190291
연세프라임안과의원,"강원특별자치도 원주시 원일로 89, 대림빌딩 2층 (일산동)",일반병원,의원,37.3486362609853,127.949800205579
연세프라임치과의원,"강원특별자치도 원주시 서원대로 406, 4층 (단구동, 리더스타워)",일반병원,치과의원,37.3301957031794,127.94969041566
연세플러스비뇨의학과의원,"강원특별자치도 원주시 원일로115번길 12, 7층 (일산동)",⭐ 1등급 우수병원,의원,37.3496295550596,127.947413889577
연세피부과의원,"강원특별자치도 원주시 원일로 111, 2,3층 (일산동)",일반병원,의원,37.3422,127.9201
연우치과의원,"강원특별자치도 원주시 무실로12번길 24, 2층 (일산동)",일반병원,치과의원,37.3496491678346,127.948317012833
연희영상의학과의원,"강원특별자치도 원주시 북원로 2235-6, 4층 (단계동, 남원주타워)",일반병원,의원,37.3457671982639,127.931572474416
영광병원,"강원특별자치도 원주시 오리현길 236-0, (행구동)",일반병원,병원,37.3358904358438,127.991975107406
영광의원,"강원특별자치도 원주시 우산초교길 22, (우산동)",⭐ 1등급 우수병원,의원,37.3676036378958,127.938662455113
예그린한의원,"강원특별자치도 원주시 서원대로 174, 2층 (단계동)",일반병원,한의원,37.3438785691173,127.930731422299
예사랑산부인과의원,"강원특별자치도 원주시 원일로 120, 6층 (중앙동, 중앙빌딩)",⭐ 1등급 우수병원,의원,37.3503178255469,127.948470788427
예스치과의원,"강원특별자치도 원주시 원일로 93, (일산동)",일반병원,치과의원,37.3488269987187,127.949564928848
예인한의원,"강원특별자치도 원주시 단관길 129, (관설동)",일반병원,한의원,37.320188386004,127.960173637324
오드리의원,"강원특별자치도 원주시 능라동길 51, 시네시티타워 3층 302,303,304호 (무실동)",⭐ 1등급 우수병원,의원,37.3348395414332,127.930150473737
오렌지가정의원,"강원특별자치도 원주시 봉화로 1, (단계동)",⭐ 1등급 우수병원,의원,37.345730271733,127.927649555629
오복치과의원,"강원특별자치도 원주시 무실로 122, (원동)",일반병원,치과의원,37.3436845594944,127.942851569479
오스정형외과의원,"강원특별자치도 원주시 북원로 2235-4, 1,2층 118호, 201~7호호 (단계동)",⭐ 1등급 우수병원,의원,37.3422,127.9201
오은경소아청소년과의원,"강원특별자치도 원주시 영랑길 14-2, 청연재빌딩 5층 502호 (행구동)",⭐ 1등급 우수병원,의원,37.3409743912269,127.971707411453
오케이치과의원,"강원특별자치도 원주시 혁신로 37-3, 303, 305호 (반곡동)",일반병원,치과의원,37.3422,127.9201
오킴스의원,"강원특별자치도 원주시 남원로 589-5, (명륜동)",⭐ 1등급 우수병원,의원,37.3363511678896,127.94905882962
온유가정의학과의원,"강원특별자치도 원주시 지정면 신지정로 216, 402, 403호",⭐ 1등급 우수병원,의원,37.3422,127.9201
우리가정의원,"강원특별자치도 원주시 나비허리길 169, 2층 (관설동)",⭐ 1등급 우수병원,의원,37.3184997584565,127.965871540673
우리가족한의원,"강원특별자치도 원주시 단구로 404, (단구동)",일반병원,한의원,37.320894593004,127.955007617271
우리들성형외과의원,"강원특별자치도 원주시 서원대로 184, 4층 (단계동)",일반병원,의원,37.3438012062318,127.931688685127
우리들소아청소년과의원,"강원특별자치도 원주시 감영길 11, (일산동)",⭐ 1등급 우수병원,의원,37.3474401846047,127.950081159665
우리산부인과의원,"강원특별자치도 원주시 영랑길 14-2, 청연재빌딩 6,7층 (행구동)",⭐ 1등급 우수병원,의원,37.3409743912269,127.971707411453
우리아이소아청소년과의원,"강원특별자치도 원주시 단구로 388, 2층 (단구동)",⭐ 1등급 우수병원,의원,37.3221575997638,127.956013581878
우리안과의원,"강원특별자치도 원주시 시청로 31, 2~5층 601, 608~612호 (무실동)",⭐ 1등급 우수병원,의원,37.3422,127.9201
우성애 여성의원,"강원특별자치도 원주시 남원로 589, (명륜동)",⭐ 1등급 우수병원,의원,37.3363276246451,127.949511358874
원더스의원,"강원특별자치도 원주시 서원대로 164, 3층 (단계동)",⭐ 1등급 우수병원,의원,37.3440031757029,127.929734790614
원의원,"강원특별자치도 원주시 우산로 42, (우산동)",⭐ 1등급 우수병원,의원,37.3680854990635,127.936683899861
원일치과의원,"강원특별자치도 원주시 남원로534번길 14, 2층 (단구동)",일반병원,치과의원,37.330767044682,127.948137940524
원주STM치과의원,"강원특별자치도 원주시 능라동길 63, 5층 502~503호 (무실동)",일반병원,치과의원,37.33376905667,127.930999001974
원주가온한의원,"강원특별자치도 원주시 서원대로 380, 3층 (단구동, 동보노빌리티타워)",일반병원,한의원,37.3316824967301,127.947514762169
원주교도소부속의원,"강원특별자치도 원주시 북원로 2155, (무실동)",일반병원,의원,37.3422,127.9201
원주김안과의원,"강원특별자치도 원주시 능라동길 70, 3층 306호 (무실동)",⭐ 1등급 우수병원,의원,37.3337998324689,127.930202082473
원주단구 오케이한의원,"강원특별자치도 원주시 단구로 398, 청솔3차아파트 상가2동 105호 (단구동)",일반병원,한의원,37.321447947226,127.955302755257
원주마디정형외과의원,"강원특별자치도 원주시 서원대로 502, 3층 (단구동, 골드프라자)",⭐ 1등급 우수병원,의원,37.3249569848727,127.95832152018
원주민중요양병원,"강원특별자치도 원주시 북원로 2636, (태장동)",일반병원,요양병원,37.378607865214,127.946412871556
원주밝은안과의원,"강원특별자치도 원주시 서원대로 406, 5층 (단구동, 리더스타워)",⭐ 1등급 우수병원,의원,37.3301957031794,127.94969041566
원주불로병원,"강원특별자치도 원주시 평원로 165-0,  (학성동)",⭐ 1등급 우수병원,병원,37.3562499803086,127.944462379583
원주샘치과의원,"강원특별자치도 원주시 치악로 1793, 3층 (개운동, 농협)",일반병원,치과의원,37.3422200889387,127.955059148758
원주성모병원,"강원특별자치도 원주시 소초면 치악로 2473, (소초면)",일반병원,병원,37.393666675646,127.984632080513
원주센텀병원,"강원특별자치도 원주시 능라동길 70-0, (무실동)",⭐ 1등급 우수병원,병원,37.3337998324689,127.930202082473
원주스노우의원,"강원특별자치도 원주시 능라동길 61, 9층 (무실동)",일반병원,의원,37.3341493273774,127.931233204873
원주시민의원,"강원특별자치도 원주시 남원로 645, 영광빌딩 2층 (명륜동)",일반병원,의원,37.3405941067535,127.952807478513
원주시보건소,"강원특별자치도 원주시 원일로 139, 3층 (일산동, 건강문화센터)",일반병원,보건소,37.3515496042529,127.946802942893
원주약선당한의원,"강원특별자치도 원주시 무실로 181, 1층 (명륜동)",일반병원,한의원,37.3406470307575,127.939589576577
원주연세병원,"강원특별자치도 원주시 원일로 230,  (학성동)",⭐ 1등급 우수병원,병원,37.3568337619792,127.943736601759
원주연세의원,"강원특별자치도 원주시 흥업면 남원로 57, 2층",⭐ 1등급 우수병원,의원,37.3014274811235,127.919267592501
원주영상의학과의원,"강원특별자치도 원주시 능라동길 61, 정한빌딩  607~608호 (무실동)",⭐ 1등급 우수병원,의원,37.3341493273774,127.931233204873
원주우리병원,"강원특별자치도 원주시 북원로 2572, 2572",⭐ 1등급 우수병원,병원,37.3422,127.9201
원주웰치과의원,"강원특별자치도 원주시 시청로 80, 3층 301호 (무실동, 쎈터프라자)",일반병원,치과의원,37.3367918671355,127.927402509517
원주위대한내과의원,"강원특별자치도 원주시 능라동길 27, SK타워 504~506호 (무실동)",⭐ 1등급 우수병원,의원,37.3333066753789,127.928050325149
원주유디치과의원,"강원특별자치도 원주시 서원대로 162, 3층 (단계동)",일반병원,치과의원,37.3438737236932,127.929353676212
원주유앤항외과의원,"강원특별자치도 원주시 능라동길 51, 시네시티타워 401, 402호 (무실동)",일반병원,의원,37.3348395414332,127.930150473737
원주율치과의원,"강원특별자치도 원주시 남원로 550, 1,2층 (개운동)",일반병원,치과의원,37.3422,127.9201
원주의원,"강원특별자치도 원주시 원일로 176-1, (학성동)",일반병원,의원,37.3537288320859,127.946162488416
원주치과의원,"강원특별자치도 원주시 봉화로 31, 2층 (단계동)",일반병원,치과의원,37.3473408274248,127.928335900473
원주카톨릭병원,"강원특별자치도 원주시 남산로 199-0, 원주카톨릭병원",⭐ 1등급 우수병원,병원,37.3539354351958,127.941430576609
원주클라인치과의원,"강원특별자치도 원주시 봉화로 22, 더파크타워 3층 301호 (단계동)",일반병원,치과의원,37.3462449926799,127.928765814001
원주프라임병원,"강원특별자치도 원주시 남원로 556-0, 지하1~6층 (개운동)",⭐ 1등급 우수병원,병원,37.3335109019099,127.947974852681
원주함소아한의원,"강원특별자치도 원주시 서원대로 396, 306,307호 (단구동)",일반병원,한의원,37.3422,127.9201
원주효요양병원,"강원특별자치도 원주시 원일로 176-1,  (학성동)",일반병원,요양병원,37.3537288320859,127.946162488416
위즈팍서울정형외과의원,"강원특별자치도 원주시 봉화로 16, 2층 (단계동)",⭐ 1등급 우수병원,의원,37.345982766221,127.928816302539
위치과의원,"강원특별자치도 원주시 원문로 106, 4층 (단계동, 선암빌딩)",일반병원,치과의원,37.3570221117916,127.935554140567
유로진비뇨기과의원,"강원특별자치도 원주시 서원대로 184, 새동빌딩  2층 (단계동)",일반병원,의원,37.3438012062318,127.931688685127
유앤미치과의원,"강원특별자치도 원주시 지정면 신지정로 322-1, 305,306호",일반병원,치과의원,37.3422,127.9201
유앤미한의원,"강원특별자치도 원주시 흥양로51번길 1, 2층 (태장동)",일반병원,한의원,37.3839877080173,127.952570458631
윤장운마취통증의학과의원,"강원특별자치도 원주시 중앙로 86, 5층 (중앙동, 세븐스타빌딩)",⭐ 1등급 우수병원,의원,37.3488939209264,127.951798563167
율산부인과의원,"강원특별자치도 원주시 능라동길 61, 8층 (무실동, 정한타워)",⭐ 1등급 우수병원,의원,37.3341493273774,127.931233204873
으뜸한의원,"강원특별자치도 원주시 중앙시장길 11, 2층 3-3호 (중앙동, 자유시장상가)",일반병원,한의원,37.3502279348979,127.948624502039
은행나무치과의원,"강원특별자치도 원주시 남원로 671, (명륜동)",일반병원,치과의원,37.3424313657953,127.954446009061
은행나무한의원,"강원특별자치도 원주시 문막읍 원문로 1883, (문막읍)",일반병원,한의원,37.3069996728518,127.815870837172
은혜한의원,"강원특별자치도 원주시 능라동길 82, 3층 (무실동)",일반병원,한의원,37.3327890223745,127.929259184524
의료법인 성지의료재단 성지병원,"강원특별자치도 원주시 원일로 22, 22",⭐ 1등급 우수병원,병원,37.3422,127.9201
의료법인삼산의료재단 삼산병원,"강원특별자치도 원주시 혁신로 5-0,  1동 (반곡동,세인트병원)",⭐ 1등급 우수병원,병원,37.326198829749,127.975214346551
의함다래평생한의원,"강원특별자치도 원주시 남산로 180, 대성빌딩 101호 (학성동)",일반병원,한의원,37.3521027374367,127.94081673572
이건내과의원,"강원특별자치도 원주시 시청로 84, 203호 (무실동, 애드피아상가)",⭐ 1등급 우수병원,의원,37.3363821562604,127.928072254541
이광훈내과의원,"강원특별자치도 원주시 평원로 76, 4,5층 (평원동)",⭐ 1등급 우수병원,의원,37.3422,127.9201
이득수한의원,"강원특별자치도 원주시 지정면 신지정로 216, 601호",일반병원,한의원,37.3750262623281,127.873042796824
이로운치과의원,"강원특별자치도 원주시 영랑길 14-2, 201호 (행구동)",일반병원,치과의원,37.3409743912269,127.971707411453
이미영샘내과의원,"강원특별자치도 원주시 영랑길 14-2, 청연재빌딩 2층 (행구동)",⭐ 1등급 우수병원,의원,37.3409743912269,127.971707411453
이사랑치과의원,"강원특별자치도 원주시 늘품로 187-58, 3층 312호 (단구동, 현대아카데미프라자)",일반병원,치과의원,37.3374093750079,127.964092324259
이상봉비뇨기과의원,"강원특별자치도 원주시 남원로 671, 2층,5층 (명륜동)",⭐ 1등급 우수병원,의원,37.3424313657953,127.954446009061
이상진안과의원,"강원특별자치도 원주시 북원로 2245, (단계동)",일반병원,의원,37.3462677003433,127.933321585711
이석원내과의원,"강원특별자치도 원주시 평원로 76, 201호 (평원동)",일반병원,의원,37.3519627278981,127.950283862352
이성문한의원,"강원특별자치도 원주시 치악로 1502, 2층 (단구동)",일반병원,한의원,37.3189702844,127.967379561555
이성우내과의원,"강원특별자치도 원주시 평원로 54, (평원동)",⭐ 1등급 우수병원,의원,37.3507433579981,127.951366405174
이스타치과의원,"강원특별자치도 원주시 백간길 74, (단계동, 라이프상가 201,202호)",일반병원,치과의원,37.3518101876421,127.931412392097
이신경정신과의원,"강원특별자치도 원주시 원일로 114, 2층 (중앙동)",일반병원,의원,37.3499877878517,127.94871831418
이앤이치과의원,"강원특별자치도 원주시 남원로 528-11, 2층 (단구동, 광덕빌딩)",일반병원,치과의원,37.3306066337834,127.947995901107
이영호치과의원,"강원특별자치도 원주시 원일로115번길 5, 3층 (일산동, 홍제빌딩)",일반병원,치과의원,37.3495693837124,127.948008015725
이용규내과의원,"강원특별자치도 원주시 무실로 178, 2층 (단계동, 원예농협하나로클럽)",⭐ 1등급 우수병원,의원,37.3422,127.9201
이재순내과의원,"강원특별자치도 원주시 원일로115번길 1, (일산동)",⭐ 1등급 우수병원,의원,37.3497931974077,127.948344443756
이진호이비인후과의원,"강원특별자치도 원주시 원일로 93, (일산동)",⭐ 1등급 우수병원,의원,37.3488269987187,127.949564928848
이편한치과의원,"강원특별자치도 원주시 로아노크로 74, 세이브타워 402호 (무실동)",일반병원,치과의원,37.3389516353759,127.923454144867
이하우신경외과의원,"강원특별자치도 원주시 치악로 1864, (봉산동)",⭐ 1등급 우수병원,의원,37.3474947855396,127.956219877564
이현주한의원,"강원특별자치도 원주시 귀래면 운계다둔길 113-7, (귀래면)",일반병원,한의원,37.200953118803,127.896577799075
이형준내과의원,"강원특별자치도 원주시 원일로 120, 3층 302호 (중앙동, 중앙빌딩)",⭐ 1등급 우수병원,의원,37.3503178255469,127.948470788427
인덕한의원,"강원특별자치도 원주시 남원로 589, 1층 (명륜동)",일반병원,한의원,37.3363276246451,127.949511358874
임수빈내과의원,"강원특별자치도 원주시 시청로 98, (무실동)",⭐ 1등급 우수병원,의원,37.3359528201159,127.928750890632
임연웅신경외과의원,"강원특별자치도 원주시 만대공원길 59, 3층 302호 (무실동)",⭐ 1등급 우수병원,의원,37.3394396435042,127.924696444815
자연과한의원 원주점,"강원특별자치도 원주시 능라동길 51, 4층 414~415호 (무실동)",일반병원,한의원,37.3348395414332,127.930150473737
장수뜸한의원,"강원특별자치도 원주시 서원대로 383, 한신프라자 4층 406,407호 (개운동)",일반병원,한의원,37.3319941887022,127.948567122909
재생한의원,"강원특별자치도 원주시 단구로 410, 세경5차아파트 상가동동 108,113호 (단구동)",일반병원,한의원,37.321827396553,127.951955512716
전찬일한의원,"강원특별자치도 원주시 남원로534번길 14, 4층 (단구동)",일반병원,한의원,37.330767044682,127.948137940524
전치과의원,"강원특별자치도 원주시 원일로 122-1, (중앙동)",일반병원,치과의원,37.3504837334147,127.94839906478
정내과의원,"강원특별자치도 원주시 단구로 353, 3층 (단구동)",⭐ 1등급 우수병원,의원,37.3243921154836,127.958425701305
정병원,"강원특별자치도 원주시 원문로 141, (단계동)",⭐ 1등급 우수병원,병원,37.3551943853405,127.932983232847
정성 한의원,"강원특별자치도 원주시 단구로 384-1, 1층 102호 (단구동)",일반병원,한의원,37.3224321410941,127.956258040855
정운기한의원,"강원특별자치도 원주시 시청로 80, 쎈터프라자 302,304,305호 (무실동)",일반병원,한의원,37.3367918671355,127.927402509517
정웅교비뇨기과의원,"강원특별자치도 원주시 원일로 106, (중앙동)",⭐ 1등급 우수병원,의원,37.3495515474219,127.949187285499
정직한치과의원,"강원특별자치도 원주시 무실로 170, (단계동)",일반병원,치과의원,37.3415257874959,127.940086898073
제로마취통증의학과의원,"강원특별자치도 원주시 서원대로 406, 303,304호 (단구동)",⭐ 1등급 우수병원,의원,37.3422,127.9201
제민당한의원,"강원특별자치도 원주시 치악로 1594, 1층 (단구동)",일반병원,한의원,37.3251881750461,127.961365371648
제일의원,"강원특별자치도 원주시 중앙로 75, 1호 (중앙동)",⭐ 1등급 우수병원,의원,37.3482870781272,127.951700503142
조남천항맥외과의원,"강원특별자치도 원주시 서원대로 180, (단계동)",⭐ 1등급 우수병원,의원,37.343845207532,127.931318400248
조안과의원,"강원특별자치도 원주시 원일로115번길 12, 2층 (일산동)",일반병원,의원,37.3496295550596,127.947413889577
조은가정의원,"강원특별자치도 원주시 태장둔치길 41, (태장동)",⭐ 1등급 우수병원,의원,37.3837606112538,127.952028098379
좋은 마음 정신건강의학과 의원,"강원특별자치도 원주시 서원대로 162, 601호 (단계동)",일반병원,의원,37.3438737236932,127.929353676212
죠훈신경외과의원,"강원특별자치도 원주시 양지로 4, 3~5층 (반곡동)",⭐ 1등급 우수병원,의원,37.3422,127.9201
준소아청소년과의원,"강원특별자치도 원주시 백간길 25, SG프라자 2층 (단계동)",⭐ 1등급 우수병원,의원,37.3520835008391,127.926301363813
중국한의원,"강원특별자치도 원주시 치악로 1657-1, 1~2층 (단구동)",일반병원,한의원,37.3305811329156,127.958674471683
중앙메디칼연합의원,"강원특별자치도 원주시 평원로 33, (중앙동)",⭐ 1등급 우수병원,의원,37.3493001231233,127.952130305497
중앙의원,"강원특별자치도 원주시 평원로 63, 2,5층 (중앙동)",⭐ 1등급 우수병원,의원,37.3422,127.9201
중앙정형외과의원,"강원특별자치도 원주시 학성철길 59, (학성동)",⭐ 1등급 우수병원,의원,37.3539467376129,127.948934956164
중앙치과의원,"강원특별자치도 원주시 원일로 104-1, (중앙동)",일반병원,치과의원,37.349523481195,127.949260290742
중앙플란트치과의원,"강원특별자치도 원주시 평원로 76, 3층 (평원동)",일반병원,치과의원,37.3519627278981,127.950283862352
중의한의원,"강원특별자치도 원주시 중앙로 70, (중앙동)",일반병원,한의원,37.3482517267732,127.95229786291
지선당한의원,"강원특별자치도 원주시 능라동길 51, 517, 518호 (무실동)",일반병원,한의원,37.3422,127.9201
지성정형외과의원,"강원특별자치도 원주시 문막읍 구암길 9, 스카이블루1 빌딩 1~4층",⭐ 1등급 우수병원,의원,37.318540933659,127.828945166365
지쉘의원,"강원특별자치도 원주시 지정면 기업도시로 6, 2층 203호",일반병원,의원,37.3785983574716,127.892618545971
지월한의원,"강원특별자치도 원주시 시청로 96, 영신프라자 2층 202호 (무실동)",일반병원,한의원,37.336183500076,127.928483818728
지정내과의원,"강원특별자치도 원주시 지정면 신지정로 266, 301,302호",⭐ 1등급 우수병원,의원,37.3422,127.9201
지정면보건지소,"강원특별자치도 원주시 지정면 간현로 126, (지정면)",일반병원,보건지소,37.3618543648466,127.840317348877
진제통의원,"강원특별자치도 원주시 양지로 26, 1층 106호 (반곡동)",일반병원,의원,37.3245901380454,127.981605107004
진제통한의원,"강원특별자치도 원주시 양지로 26, 1층 106호 (반곡동)",일반병원,한의원,37.3245901380454,127.981605107004
차림한의원,"강원특별자치도 원주시 건강로 25, 101,102호 (반곡동)",일반병원,한의원,37.3422,127.9201
참좋은치과의원,"강원특별자치도 원주시 천사로 38, 2층 (단계동, 선제빌딩)",일반병원,치과의원,37.3476901709629,127.929846727687
창문외과의원,"강원특별자치도 원주시 이화6길 1, 3층 (단계동)",일반병원,의원,37.3435336393856,127.932256741648
천일한의원,"강원특별자치도 원주시 신림면 치악로 37, 1층",일반병원,한의원,37.2300536710873,128.077984332625
천정학내과의원,"강원특별자치도 원주시 남원로 528-11, 3층 (단구동, 광덕빌딩)",⭐ 1등급 우수병원,의원,37.3306066337834,127.947995901107
천진호치과의원,"강원특별자치도 원주시 능라동길 65, (무실동)",일반병원,치과의원,37.3335178750971,127.930733446289
청담심스성형외과의원,"강원특별자치도 원주시 남원로534번길 6, (단구동, 이룸빌딩)",⭐ 1등급 우수병원,의원,37.3311564342852,127.947488409267
총통한의원,"강원특별자치도 원주시 능라동길 59, 5층 (무실동, 정한프라자)",일반병원,한의원,37.3344235275605,127.930817739225
최경훈 내과의원,"강원특별자치도 원주시 원일로115번길 12, (일산동)",⭐ 1등급 우수병원,의원,37.3496295550596,127.947413889577
최동익성형외과의원,"강원특별자치도 원주시 서원대로 396, 3층 301호 (단구동)",일반병원,의원,37.3307257685245,127.948903433255
최영권치과의원,"강원특별자치도 원주시 무실로 8, 3층 (일산동, 명동프라자)",일반병원,치과의원,37.3489773072278,127.94894463266
최원규소아청소년과의원,"강원특별자치도 원주시 원일로115번길 5, (일산동)",⭐ 1등급 우수병원,의원,37.3495693837124,127.948008015725
최한의원,"강원특별자치도 원주시 문막읍 건등로 10-19, 문호빌딩 2층",일반병원,한의원,37.3108781965,127.819373985753
최해천성형외과의원,"강원특별자치도 원주시 남원로 622, (개운동)",일반병원,의원,37.3386036355992,127.952022559334
치과명작치과의원,"강원특별자치도 원주시 서원대로 396, 스타월드 2층 (단구동)",일반병원,치과의원,37.3307257685245,127.948903433255
치과의정석치과의원,"강원특별자치도 원주시 능라동길 59, (무실동)",일반병원,치과의원,37.3344235275605,127.930817739225
치악산한의원,"강원특별자치도 원주시 소초면 서동로 46, (소초면)",일반병원,한의원,37.4395747188215,128.061261924992
퀸스영상의학과의원,"강원특별자치도 원주시 무실로12번길 24, 3층 (일산동)",일반병원,의원,37.3496491678346,127.948317012833
키노인터네셔널치과의원,"강원특별자치도 원주시 원일로 120, 4, 5층 (중앙동)",일반병원,치과의원,37.3422,127.9201
키다리소아청소년과의원,"강원특별자치도 원주시 지정면 신지정로 316-1, 302,303호",⭐ 1등급 우수병원,의원,37.3422,127.9201
키즈메디소아청소년과의원,"강원특별자치도 원주시 능라동길 61, (무실동)",⭐ 1등급 우수병원,의원,37.3341493273774,127.931233204873
킴스주니어치과의원,"강원특별자치도 원주시 무실로 169, 2,3층 (명륜동)",일반병원,치과의원,37.3422,127.9201
타토아의원,"강원특별자치도 원주시 서원대로 408, 3층 (단구동)",일반병원,의원,37.3299803953294,127.950079338744
탑정형외과의원,"강원특별자치도 원주시 봉화로 31, 시재메디타워 (단계동)",⭐ 1등급 우수병원,의원,37.3473408274248,127.928335900473
탑치과의원,"강원특별자치도 원주시 치악로 1786, (개운동)",일반병원,치과의원,37.3418353072137,127.955813515776
태장고려의원,"강원특별자치도 원주시 치악로 2031, (태장동)",⭐ 1등급 우수병원,의원,37.3610995961754,127.960449495671
태장치과의원,"강원특별자치도 원주시 치악로 2200, 1동 1층 (태장동)",일반병원,치과의원,37.3724660100359,127.969071699711
토지한의원,"강원특별자치도 원주시 단구로 397, 1층 (단구동)",일반병원,한의원,37.3213303916928,127.955868624639
톡스앤필의원 원주점,"강원특별자치도 원주시 서원대로 162, 3층 302호 (단계동)",⭐ 1등급 우수병원,의원,37.3438737236932,127.929353676212
통탈의원,"강원특별자치도 원주시 혁신로 37-2, 중앙타워 4층 (반곡동)",일반병원,의원,37.3238032027813,127.978995708417
튼튼치과의원,"강원특별자치도 원주시 단구로 412, 2층 (단구동, 세경상가)",일반병원,치과의원,37.3228087706818,127.9525482355
파인땡큐앤드유외과의원,"강원특별자치도 원주시 시청로 98, 4층 (무실동)",⭐ 1등급 우수병원,의원,37.3359528201159,127.928750890632
판대보건진료소,"강원특별자치도 원주시 지정면 장지길 2, 2",일반병원,보건진료소,37.3422,127.9201
판부면보건지소,"강원특별자치도 원주시 치악로 1501, (관설동)",일반병원,보건지소,37.3182804300107,127.966702079803
편안한마취통증의학과의원,"강원특별자치도 원주시 남원로 671, 4층 (명륜동)",⭐ 1등급 우수병원,의원,37.3424313657953,127.954446009061
편하지의원,"강원특별자치도 원주시 시청로 25, 태성프라자 602~603호 (무실동)",일반병원,의원,37.3404359616513,127.923059078019
평강한의원,"강원특별자치도 원주시 원일로115번길 5, 2층 (일산동)",일반병원,한의원,37.3495693837124,127.948008015725
푸른솔의원,"강원특별자치도 원주시 천사로 50, 2층 (단계동)",⭐ 1등급 우수병원,의원,37.3475649609562,127.930977135445
프렌즈치과의원,"강원특별자치도 원주시 북원로 2701, (가현동)",일반병원,치과의원,37.3846678444195,127.947335540002
플러스한의원,"강원특별자치도 원주시 남원로 643-1, 1층 (명륜동)",일반병원,한의원,37.3405117415651,127.952753287476
피어라의원,"강원특별자치도 원주시 지정면 신지정로 172, 현대프라자 3층",일반병원,의원,37.3744203527752,127.877679014698
하나내과의원,"강원특별자치도 원주시 치악로 1527, 판부농협하나로마트 2층 (관설동)",⭐ 1등급 우수병원,의원,37.3201689088321,127.964838530184
하나로치과의원,"강원특별자치도 원주시 치악로 1527, 2층 (관설동, 판부하나로마트)",일반병원,치과의원,37.3201689088321,127.964838530184
하나치과의원,"강원특별자치도 원주시 무실로 164, (단계동)",일반병원,치과의원,37.34166695204,127.940395716476
하나한의원,"강원특별자치도 원주시 치악로 1965, 2층 (태장동)",일반병원,한의원,37.3564737237383,127.956200143228
하늘빛 정신건강의학과 의원,"강원특별자치도 원주시 능라동길 61, 5층 (무실동, 정한타워)",일반병원,의원,37.3341493273774,127.931233204873
하늘치과의원,"강원특별자치도 원주시 능라동길 7, 403호 (무실동)",일반병원,치과의원,37.3318124816039,127.92640319762
하니유외과의원,"강원특별자치도 원주시 영랑길 14-2, 청연재 빌딩 3층 (행구동)",⭐ 1등급 우수병원,의원,37.3409743912269,127.971707411453
하얀이치과의원,"강원특별자치도 원주시 능라동길 3, (무실동)",일반병원,치과의원,37.3315842149544,127.926178565285
하이맨비뇨기과의원,"강원특별자치도 원주시 봉화로 12, (단계동)",⭐ 1등급 우수병원,의원,37.3456049368642,127.928649364625
학곡보건진료소,"강원특별자치도 원주시 소초면 구룡사로 5, 5",일반병원,보건진료소,37.3422,127.9201
학교법인상지학원부설상지푸른의원,"강원특별자치도 원주시 상지대길 80, 상지대학교부속상지한방병원 (우산동)",⭐ 1등급 우수병원,의원,37.3704896908214,127.934248932282
한국한센복지협회강원도지부부설복지의원,"강원특별자치도 원주시 원일로 155, (일산동)",⭐ 1등급 우수병원,의원,37.3523490087747,127.946471345121
한빛소아청소년과의원,"강원특별자치도 원주시 태장둔치길 41-1, (태장동)",⭐ 1등급 우수병원,의원,37.3840126216256,127.95200531523
한빛이비인후과의원,"강원특별자치도 원주시 시청로 36, (무실동)",⭐ 1등급 우수병원,의원,37.3392010640529,127.923634702847
한빛치과의원,"강원특별자치도 원주시 서원대로 396, 3층 (단구동, 스타월드)",일반병원,치과의원,37.3307257685245,127.948903433255
한사랑치과의원,"강원특별자치도 원주시 판부면 남원로 401, 3층",일반병원,치과의원,37.3218781263121,127.939453768001
한양정태열의원,"강원특별자치도 원주시 태장둔치길 55, 3층 (태장동)",⭐ 1등급 우수병원,의원,37.3839794202012,127.953565212627
한초당한의원,"강원특별자치도 원주시 평원로 61, (중앙동)",일반병원,한의원,37.3510888881855,127.950537281917
함경종정형외과의원,"강원특별자치도 원주시 평원로 52, (평원동)",⭐ 1등급 우수병원,의원,37.3506886649451,127.951501148302
해담한의원,"강원특별자치도 원주시 혁신로 37-3, 301호 (반곡동)",일반병원,한의원,37.3236585795796,127.979378324128
행복한의원,"강원특별자치도 원주시 예술관길 28-1, 1층 (명륜동)",일반병원,한의원,37.3331062932194,127.941641876044
현대요양병원,"강원특별자치도 원주시 치악로1604번길 22,  (단구동)",일반병원,요양병원,37.3262509017321,127.962938822855
현대중앙병원,"강원특별자치도 원주시 상지대길 23, 23",⭐ 1등급 우수병원,병원,37.3422,127.9201
혜명한의원,"강원특별자치도 원주시 원일로 12, (인동)",일반병원,한의원,37.3448413862962,127.954363549181
혜민한의원,"강원특별자치도 원주시 단구로 78, (단계동)",일반병원,한의원,37.3420569002852,127.93961380093
호저면보건지소,"강원특별자치도 원주시 호저면 호저로 429, (호저면)",일반병원,보건지소,37.4106442417815,127.925590682726
홍&권이비인후과의원,"강원특별자치도 원주시 중앙로 105, 2층,3층 (중앙동)",⭐ 1등급 우수병원,의원,37.3494701019448,127.950656478321
홍성국신경정신과의원,"강원특별자치도 원주시 원일로 150-1, (학성동)",일반병원,의원,37.3520627541416,127.947181498033
화성치과의원,"강원특별자치도 원주시 치악로 1845, (인동)",일반병원,치과의원,37.347103895439,127.954428413956
화이트e치과의원,"강원특별자치도 원주시 서원대로 502, 203,204호 (단구동, 골드프라자)",일반병원,치과의원,37.3422,127.9201
화인가정의원,"강원특별자치도 원주시 지정면 신지정로 322-1, 303,304호",⭐ 1등급 우수병원,의원,37.3823882387596,127.873210794528
화평당한의원,"강원특별자치도 원주시 행구로 115, (봉산동)",일반병원,한의원,37.3421454855453,127.968809777653
황둔보건진료소,"강원특별자치도 원주시 신림면 신림황둔로 1213, 1213",일반병원,보건진료소,37.3422,127.9201
황선달치과의원,"강원특별자치도 원주시 원일로 114, (중앙동)",일반병원,치과의원,37.3499877878517,127.94871831418
효성신경외과의원,"강원특별자치도 원주시 서원대로 509, (단구동)",⭐ 1등급 우수병원,의원,37.3250017411371,127.959591681494
효성한의원,"강원특별자치도 원주시 흥업면 사제로 7-4, 1층",일반병원,한의원,37.3027169523511,127.918507859876
흥업면보건지소,"강원특별자치도 원주시 흥업면 울업1길 3, (흥업면)",일반병원,보건지소,37.3026084309618,127.921167582203
흥업성모의원,"강원특별자치도 원주시 흥업면 남원로 76, (흥업면)",⭐ 1등급 우수병원,의원,37.3028317498098,127.920315810659
흥업한의원,"강원특별자치도 원주시 흥업면 남원로 67, (흥업면)",일반병원,한의원,37.3021621038682,127.919460493218
희망정형외과의원,"강원특별자치도 원주시 시청로 84, 4층 (무실동, 애드피아빌딩)",⭐ 1등급 우수병원,의원,37.3363821562604,127.928072254541
희망찬여성의원,"강원특별자치도 원주시 혁신로 39-1, 3, 4층 (반곡동)",일반병원,의원,37.3242351975616,127.979119549795
